"name","rank","draft_mmr","mmr_screenshot","statement","is_vouched","activity_check","dotabuff","opendota","join_timestamp","Role: Position 1","Role: Position 2","Role: Position 3","Role: Position 4","Role: Position 5","Role: In Game Drafter","Role: Team Organizer "
"7SiNs^",0,0,"https://imgur.com/a/Qj03gLp","4k MMR/ top 1k WR US.  I streamed my climb to getting windrun ranked at twitch.tv/7_sins. 

I ran captains mode inhouse games with my top10 USE guild Scubaporium for many (4) years. I handled egos/nonsense for that entire time. 

I am climbing Windrun ranks fast, with my eyes on top 500 before July 1.
Looking forward to playing! I play all roles in my rank. When I stack with immortals I don't play 1/2",false,false,"https://www.dotabuff.com/players/74497396","https://www.opendota.com/players/74497396","03/28/2026 18:07:24",4,4,5,5,4,2,4
"Aniki",0,0,"https://imgur.com/a/evzOU2D","",true,false,"https://www.dotabuff.com/players/292867484","https://www.opendota.com/players/292867484","04/02/2026 02:56:01",5,5,5,4,4,4,3
"Bonedini",0,0,"https://www.dotabuff.com/players/81782784","ask friscy or cowboy about me",false,false,"https://www.dotabuff.com/players/81782784","https://www.opendota.com/players/81782784","04/15/2026 10:28:38",5,5,5,5,5,5,5
"[ ] created",55,0,"https://imgur.com/dG7DgK6","Can we all just agree to not pick forge spirits. ",true,false,"https://www.dotabuff.com/players/129224193","https://www.opendota.com/players/129224193","04/15/2026 08:26:16",2,1,4,5,5,4,1
"cummy",0,0,"https://www.google.com/","https://windrun.io/players/393197104  . 

mainly play pos4 but am also good with 5 & 1. ",false,false,"https://www.dotabuff.com/players/393197104","https://www.opendota.com/players/393197104","04/08/2026 17:37:06",5,2,2,5,5,4,2
"Death Omen",0,0,"https://windrun.io/players/110576918","Lets goooo",false,false,"https://www.dotabuff.com/players/110576918","https://www.opendota.com/players/110576918","04/13/2026 16:53:08",5,3,4,5,5,5,4
"Elcoco",0,0,"https://imgur.com/a/K33iX2e","Stopped playing ranked after reaching immortal. 3150 rating on windrun. 

https://www.dotabuff.com/players/381775877
https://www.dotabuff.com/players/874259461",false,false,"https://www.dotabuff.com/players/381775877","https://www.opendota.com/players/381775877","04/11/2026 07:04:54",3,2,5,4,3,3,3
"Fraggle",0,0,"https://imgur.com/a/4KmwpLA","",false,false,"https://www.dotabuff.com/players/88105725","https://www.opendota.com/players/88105725","03/27/2026 23:22:41",5,3,5,5,5,4,1
"grey poupon",0,0,"https://ibb.co/Q7bNSZWJ","https://www.dotabuff.com/players/26088272
Immortal with rating around 5k something, haven't recalibrated ",false,false,"https://www.dotabuff.com/players/26088272","https://www.opendota.com/players/26088272","04/13/2026 21:37:31",3,4,4,5,5,4,2
"JIVEE",72,0,"https://imgur.com/a/fU26rfu","AD party que only gamer. Mechanics nerd that will explain the math of Dota unprompted.
https://www.windrun.io/players/105958764",true,false,"https://www.dotabuff.com/players/105958764","https://www.opendota.com/players/105958764","03/30/2026 07:01:56",4,3,3,4,4,5,2
"Konjiki no majo",0,0,"https://imgur.com/a/u4oFPBw","",false,false,"https://www.dotabuff.com/players/154734515","https://www.opendota.com/players/154734515","04/02/2026 04:21:42",5,4,5,4,4,4,3
"Meenos",0,0,"https://imgur.com/a/CrJjkJD","https://windrun.io/players/345469173
2511 rating on Windrun, but I mainly play for fun combos, not winning every AD game. I promise to play for the win in the tournament though.",false,false,"https://www.dotabuff.com/players/345469173","https://www.opendota.com/players/345469173","04/15/2026 04:27:35",3,3,3,3,3,3,3
"Rainmaker",0,0,"https://freeimage.host/i/qDa3yJf","https://www.dotabuff.com/players/143688586",true,false,"https://www.dotabuff.com/players/143688586","https://www.opendota.com/players/143688586","03/27/2026 18:22:25",3,1,3,5,5,1,1
"Regular Cheese Guy",0,0,"https://www.dotabuff.com/players/111098657","https://www.dotabuff.com/players/111098657",false,false,"https://www.dotabuff.com/players/111098657","https://www.opendota.com/players/111098657","04/07/2026 02:31:19",3,4,5,5,5,5,1
"Sanemaniac",0,0,"https://imgur.com/a/tmb41DL","I prefer to play position 4/5.   I play AD 99% of the time if I'm playing DOTA, so I know the draft and combo's well.",false,false,"https://www.dotabuff.com/players/393688663","https://www.opendota.com/players/393688663","04/13/2026 17:44:22",2,2,1,4,5,1,1
"Sockstrangler",0,0,"https://imgur.com/a/kUef88S","i generally play core in AD, but im happy to play support. no other leagues or accounts. ",false,false,"https://www.dotabuff.com/players/305363733","https://www.opendota.com/players/305363733","03/27/2026 01:22:38",4,3,4,4,4,3,1
"Sub03",0,0,"https://imgur.com/TcSCpJM","Have no experience playing in house leagues. Have 5 stacked captains mode in the past with some friends for fun. Only recently started playing ability draft, but loves playing support and drafting stuns to lock the enemy team down forever.",false,false,"https://www.dotabuff.com/players/245141321","https://www.opendota.com/players/245141321","04/05/2026 17:08:14",1,2,3,5,5,1,1
"TheFoxInTheBox",0,0,"https://windrun.io/players/327537729","I love AD",true,false,"https://www.dotabuff.com/players/327537729","https://www.opendota.com/players/327537729","04/11/2026 22:43:33",2,3,5,4,4,5,5
"x",0,0,"https://imgur.com/a/U1ecZSr","",false,false,"https://www.dotabuff.com/players/784426943","https://www.opendota.com/players/784426943","04/02/2026 03:20:37",3,2,1,5,5,5,2
"Yokozuna Hoshoryu",0,0,"https://ibb.co.com/XZ33Bp5v","around 8300 mmr in ranked, prefer to captain pos5",true,false,"https://www.dotabuff.com/players/218077154","https://www.opendota.com/players/218077154","03/28/2026 19:32:15",2,2,3,5,5,5,5
"Newbycakes",53,3965,"https://imgur.com/a/9NQdZxu","",true,false,"https://www.dotabuff.com/players/24521769","https://www.opendota.com/players/24521769","03/27/2026 21:43:52",5,2,4,3,3,3,2
"MAPPO",54,4067,"https://www.dota2.com/patches/7.41","",true,false,"https://www.dotabuff.com/players/123919855","https://www.opendota.com/players/123919855","03/31/2026 00:57:29",1,1,1,1,1,1,1
"toolugg",44,4150,"https://imgur.com/a/ZClZUR7","Relatively new AD player with rd2l experience. 4.5k mmr, 2.2k windrun.io mmr at time of submission. Extremely comfortable on positions 3-5, can mid if necessary, and on 1 I play in a fashion that reminds one of a freshly birthed deer that still can't really walk. Looking for chill vibes and fun times.",true,false,"https://www.dotabuff.com/players/164740579","https://www.opendota.com/players/164740579","03/27/2026 04:38:53",1,3,5,5,5,1,1
"B.O.D.M.A.S",61,4158,"https://www.Legend1.com","Used to be an AD/Turbo only player. Time to get back to that.",true,false,"https://www.dotabuff.com/players/105723705","https://www.opendota.com/players/105723705","03/27/2026 04:18:52",3,1,2,4,5,3,2
"Verve",72,4520,"https://imgur.com/HyKeOBE","https://windrun.io/players/86828968
mmr: uncalibrated since forever but my solo ranked a year ago was ~divine 5 lobbies so make of that what you will

i play any role in AD according to what I drafted",true,false,"https://www.dotabuff.com/players/86828968","https://www.opendota.com/players/86828968","03/27/2026 21:29:40",4,4,4,4,4,3,3
"FriscyDriscy",0,4620,"https://imgur.com/a/avKAFMK","No other leagues or accounts. I only play AD and I only support.",true,false,"https://www.dotabuff.com/players/192412922","https://www.opendota.com/players/192412922","03/27/2026 19:24:55",1,1,1,5,5,5,1
"hanmingzyy",72,4620,"https://ibb.co/PcP2hgf","I can pub together with some notice",true,false,"https://www.dotabuff.com/players/74883563","https://www.opendota.com/players/74883563","03/29/2026 21:27:21",3,3,3,3,3,3,1
"Cam",72,4658,"https://imgur.com/gallery/you-gorilla-CduyK","",true,false,"https://www.dotabuff.com/players/178434754","https://www.opendota.com/players/178434754","04/03/2026 11:18:54",1,1,1,1,1,1,1
"mr. world wide",55,4883,"https://imgur.com/a/duzLj9J","picture that with a kodak",true,false,"https://www.dotabuff.com/players/94560711","https://www.opendota.com/players/94560711","04/13/2026 18:01:49",3,1,3,2,3,1,1
"C0re",0,5004,"https://imgur.com/qrjBX9t","good day. 
https://windrun.io/players/91095810 
https://www.dotabuff.com/players/91095810",true,false,"https://www.dotabuff.com/players/91095810","https://www.opendota.com/players/91095810","04/13/2026 17:50:33",3,2,4,4,5,3,3
"GAFF",52,5017,"https://windrun.io/players/124017691","I'm mostly around in the evenings to pub",true,false,"https://www.dotabuff.com/players/124017691","https://www.opendota.com/players/124017691","03/27/2026 14:05:00",2,1,3,4,5,1,1
"ExO",71,5166,"https://windrun.io/players/45626568","",true,false,"https://www.dotabuff.com/players/45626568","https://www.opendota.com/players/45626568","03/27/2026 01:09:28",3,3,3,3,3,2,1
"FJFJFJJ",64,5342,"https://imgur.com/a/bwqBcs3","i loooooooooooooooooooooooooooooove ad!!",true,false,"https://www.dotabuff.com/players/136477138","https://www.opendota.com/players/136477138","04/02/2026 00:27:10",5,5,5,5,5,5,5
"Icicle",42,5371,"https://imgur.com/OhYQtfO","Haven't been playing a lot of dota of any sort lately, so don't expect much.  I mainly play pos5 but would be open to trying a sidelane core role this season if needed, prefer not mid or pos4.  Not too good at AD drafting but very open to being told what to draft by a better player. PMA!  Most likely will be my only league.   ",true,false,"https://www.dotabuff.com/players/69885361","https://www.opendota.com/players/69885361","03/27/2026 01:39:18",2,1,3,1,5,1,1
"[RD] ruN",54,5628,"https://imgur.com/a/ZA4yUwf","Chill support player, very flexible hero pool.",true,false,"https://www.dotabuff.com/players/95813278","https://www.opendota.com/players/95813278","03/28/2026 16:32:43",1,1,3,4,5,1,1
"Ratman",73,5700,"https://imgur.com/signin#https%3A%2F%2Fimgur.com%2Fnew","Trackball mouse enjoyer.  APM is typically 15.  Got deep in AD land, am convinced it is Dota 3",true,false,"https://www.dotabuff.com/players/171871486","https://www.opendota.com/players/171871486","03/30/2026 02:15:56",1,3,3,5,4,2,2
"Loves Muffins",73,6045,"https://imgur.com/a/OXpQ3DU","",true,false,"https://www.dotabuff.com/players/116286230","https://www.opendota.com/players/116286230","03/29/2026 03:54:52",5,5,5,5,1,5,5
"Droads18",72,6276,"https://www.youtube.com/shorts/4DJhJzdsozY","I WANT TO EAT FISH, THROW HOOKS AND SLAM BALLS IN FACES ",true,false,"https://www.dotabuff.com/players/100748539","https://www.opendota.com/players/100748539","04/11/2026 17:49:20",1,1,1,1,1,1,1
"MGHappyhobo",80,6746,"https://imgur.com/a/eqS1n5j","Full time dad now. Haven't played Dota in a month. Can't really realistically play more than one game a week. Washed but will neglect my child and my sleep for the div.",true,false,"https://www.dotabuff.com/players/260316741","https://www.opendota.com/players/260316741","03/28/2026 15:41:20",5,5,3,1,1,1,1
"redground",62,7993,"https://imgur.com/a/kiT2meA","I will defeat space cowboy (both)",true,false,"https://www.dotabuff.com/players/362793631","https://www.opendota.com/players/362793631","03/27/2026 00:48:11",5,4,4,1,1,5,5
"Dr. Sulaiman Al Habib",80,8000,"https://imgur.com/a/5hU1NJ7","https://www.dotabuff.com/players/142513626
https://www.dotabuff.com/players/337537577
https://www.dotabuff.com/players/379941199",true,false,"https://www.dotabuff.com/players/99106966","https://www.opendota.com/players/99106966","04/07/2026 22:22:33",5,4,5,4,1,5,2
"Space Chicken",0,8000,"https://cdn.discordapp.com/attachments/105781648464838656/1458233979051311227/mmr_calibration.PNG?ex=69c70c39&is=69c5bab9&hm=3484ae04ea4f6ddc4c579c83a1379da29a80cc34afff414069cff605d6342bc4&","Winner of last season PogChamp",true,false,"https://www.dotabuff.com/players/153867895","https://www.opendota.com/players/153867895","03/27/2026 09:32:28",5,5,1,1,1,5,5